ID_GIORNATA;Data;ID_COLLABORATORE;ID_TASK;Tipo;Desk;gg;Spese_Viaggi;Vitto_alloggio;Altri_costi;Spese_Fatturate_VP;Confermata;Note;Data_Creazione;ID_UTENTE_CREAZIONE;Data_Modifica;ID_UTENTE_MODIFICA;has_images
DAY000000001;2025-01-09;CONS001;TAS00006;Campo;;1,00;250,00;;;;Si;;;;;;0
DAY000000002;2024-12-10;CONS001;TAS00006;Campo;;1,00;180,00;;;;Si;"DATA FARLOCCA";;;;;0
DAY000000003;2024-12-10;CONS001;TAS00007;Campo;;1,00;250,00;38,00;;;Si;"DATA FARLOCCA";;;;;0
DAY000000004;2024-12-10;CONS003;TAS00005;Campo;Si;0,50;;;;;Si;"DATA FARLOCCA";;;;;0
DAY000000005;2024-12-11;CONS004;TAS00002;Campo;;1,00;;;;;Si;;;;;;0
DAY000000006;2024-12-18;CONS004;TAS00002;Campo;;1,00;;;;;Si;;;;;;0
DAY000000007;2024-12-12;CONS002;TAS00002;Campo;;0,50;;;;;Si;;;;;;0
DAY000000008;2025-01-15;CONS001;TAS00007;Campo;;1,00;250,00;;;;Si;;;;;;0
DAY000000009;2025-01-16;CONS001;TAS00001;Campo;;0,50;;;;;Si;;;;;;0
DAY000000010;2025-01-24;CONS001;TAS00019;Campo;;1,00;;;;;Si;;;;;;0
DAY000000011;2025-01-30;CONS001;TAS00029;Promo;;0,50;;;;;Si;LAVAZZA;;;;;0
DAY000000012;2025-01-31;CONS001;TAS00009;Campo;;0,50;;;;;Si;"NON PRESENTE NEL FOGLIO DI ALE";;;;;0
DAY000000013;2025-02-06;CONS001;TAS00019;Campo;;1,00;;;;;Si;;;;;;0
DAY000000014;2025-02-07;CONS001;TAS00001;Campo;;0,50;;;;;Si;;;;;;0
DAY000000015;2025-02-07;CONS001;TAS00009;Campo;;0,50;;;;;Si;;;;;;0
DAY000000016;2025-02-12;CONS001;TAS00027;Campo;;1,00;;;;;Si;;;;;;0
DAY000000017;2025-02-13;CONS001;TAS00006;Campo;;0,50;90,00;;;;Si;;;;;;0
DAY000000018;2025-02-14;CONS001;TAS00007;Campo;;1,00;250,00;;;;Si;;;;;;0
DAY000000019;2025-02-18;CONS001;TAS00019;Campo;;1,00;;;;;Si;;;;;;0
DAY000000020;2025-02-19;CONS001;TAS00019;Campo;;1,00;;;;;Si;;;;;;0
DAY000000021;2025-02-21;CONS001;TAS00001;Campo;;0,50;;;;;Si;;;;;;0
DAY000000022;2025-02-21;CONS001;TAS00029;Promo;;0,50;;;;;Si;"GALBANI - NON MI TORNA";;;;;0
DAY000000023;2025-02-24;CONS001;TAS00027;Campo;;1,00;;;;;Si;;;;;;0
DAY000000024;2025-02-27;CONS001;TAS00019;Campo;;1,00;;;;;Si;;;;;;0
DAY000000025;2025-02-28;CONS001;TAS00001;Campo;;0,50;;;;;Si;;;;;;0
DAY000000026;2025-03-11;CONS001;TAS00010;Campo;;1,00;;;;;Si;;;;;;0
DAY000000027;2025-03-12;CONS001;TAS00010;Campo;;1,00;;;;;Si;;;;;;0
DAY000000028;2025-03-14;CONS001;TAS00022;Campo;;1,00;;;;;Si;;;;;;0
DAY000000029;2025-03-17;CONS001;TAS00027;Campo;;0,50;;;;;Si;;;;;;0
DAY000000030;2025-03-18;CONS001;TAS00007;Campo;;1,00;250,00;;40,00;;Si;;;;;;0
DAY000000031;2025-03-19;CONS001;TAS00006;Campo;;1,00;90,00;;;;Si;;;;;;0
DAY000000032;2025-03-20;CONS001;TAS00029;Promo;;0,50;;;;;Si;"LINDT On Line";;;;;0
DAY000000033;2025-03-21;CONS001;TAS00001;Campo;;0,50;;;;;Si;;;;;;0
DAY000000034;2025-03-21;CONS001;TAS00009;Campo;;0,50;;;;;Si;;;;;;0
DAY000000035;2025-03-24;CONS001;TAS00027;Campo;;0,50;;;;;Si;;;;;;0
DAY000000036;2025-03-25;CONS001;TAS00010;Campo;;1,00;;;;;Si;;;;;;0
DAY000000037;2025-03-26;CONS001;TAS00010;Campo;;1,00;;;;;Si;;;;;;0
DAY000000038;2025-03-27;CONS001;TAS00019;Campo;;1,00;;;;;Si;;;;;;0
DAY000000039;2025-03-28;CONS001;TAS00029;Promo;;0,50;;;;;Si;LACTALIS;;;;;0
DAY000000040;2025-04-01;CONS001;TAS00011;Campo;;1,00;;;;;Si;;;;;;0
DAY000000041;2025-04-02;CONS001;TAS00019;Campo;;1,00;;;;;Si;;;;;;0
DAY000000042;2025-04-03;CONS001;TAS00011;Campo;;1,00;;;;;Si;;;;;;0
DAY000000043;2025-04-04;CONS001;TAS00029;Promo;;0,50;;;;;Si;LAVAZZA;;;;;0
DAY000000044;2025-04-05;CONS001;TAS00023;Campo;;0,50;;;;;Si;;;;;;0
DAY000000045;2025-04-07;CONS001;TAS00001;Campo;;0,50;;;;;Si;;;;;;0
DAY000000046;2025-04-08;CONS001;TAS00011;Campo;;1,00;;;;;Si;;;;;;0
DAY000000047;2025-04-10;CONS001;TAS00010;Campo;;1,00;;;;;Si;;;;;;0
DAY000000048;2025-04-11;CONS001;TAS00010;Campo;;1,00;;;;;Si;;;;;;0
DAY000000049;2025-04-16;CONS001;TAS00011;Campo;;1,00;;;;;Si;;;;;;0
DAY000000050;2025-04-18;CONS001;TAS00029;Promo;;1,00;;;;;Si;"LAVAZZA Gattinara";;;;;0
DAY000000051;2025-04-23;CONS001;TAS00011;Campo;;1,00;;;;;Si;;;;;;0
DAY000000052;2025-04-24;CONS001;TAS00001;Campo;;0,50;;;;;Si;;;;;;0
DAY000000053;2025-04-29;CONS001;TAS00007;Campo;;1,00;250,00;29,50;;;Si;;;;;;0
DAY000000054;2025-04-30;CONS001;TAS00006;Campo;;1,00;90,00;;;;Si;;;;;;0
DAY000000055;2025-05-02;CONS001;TAS00009;Campo;;0,50;;;;;Si;;;;;;0
DAY000000056;2025-05-06;CONS001;TAS00010;Campo;;1,00;;;;;Si;;;;;;0
DAY000000057;2025-05-07;CONS001;TAS00010;Campo;;1,00;;;;;Si;;;;;;0
DAY000000058;2025-05-08;CONS001;TAS00008;Campo;;1,00;;;;;Si;;;;;;0
DAY000000059;2025-05-09;CONS001;TAS00019;Campo;;1,00;;;;;Si;;;;;;0
DAY000000060;2025-05-15;CONS001;TAS00019;Campo;;1,00;;;;;Si;;;;;;0
DAY000000061;2025-05-16;CONS001;TAS00011;Campo;;1,00;;;;;Si;;;;;;0
DAY000000062;2025-05-20;CONS001;TAS00029;Promo;;0,50;;;;;Si;LACTALIS;;;;;0
DAY000000063;2025-05-21;CONS001;TAS00008;Campo;;0,75;145,00;;;;Si;;;;;;0
DAY000000064;2025-05-22;CONS001;TAS00011;Campo;;1,00;;;;;Si;"On Line";;;;;0
DAY000000065;2025-05-27;CONS001;TAS00001;Campo;;0,50;;;;;Si;;;;;;0
DAY000000066;2025-05-28;CONS001;TAS00023;Campo;;1,00;70,00;;;;Si;;;;;;0
DAY000000067;2025-06-03;CONS001;TAS00010;Campo;;1,00;;;;;Si;;;;;;0
DAY000000068;2025-06-04;CONS001;TAS00010;Campo;;1,00;;;;;Si;;;;;;0
DAY000000069;2025-06-05;CONS001;TAS00007;Campo;;1,00;250,00;;;;Si;;;;;;0
DAY000000070;2025-06-06;CONS001;TAS00006;Campo;;1,00;90,00;47,00;;;Si;;;;;;0
DAY000000071;2025-06-11;CONS001;TAS00010;Campo;;1,00;;;;;Si;;;;;;0
DAY000000072;2025-06-12;CONS001;TAS00008;Campo;;0,75;;;;;Si;;;;;;0
DAY000000073;2025-06-14;CONS001;TAS00023;Campo;;1,50;70,00;;;;Si;;;;;;0
DAY000000074;2025-06-18;CONS001;TAS00012;Campo;;0,50;170,00;;;;Si;;;;;;0
DAY000000075;2025-06-23;CONS001;TAS00029;Promo;;1,00;;;;;Si;CORTEOLONA;;;;;0
DAY000000076;2025-06-30;CONS001;TAS00009;Campo;;1,00;;;;;Si;;;;;;0
DAY000000077;2025-07-01;CONS001;TAS00001;Campo;;0,50;;;;;Si;;;;;;0
DAY000000078;2025-07-02;CONS001;TAS00016;Campo;;0,50;55,00;;;;Si;;;;;;0
DAY000000079;2025-07-08;CONS001;TAS00010;Campo;;1,00;;;;;Si;"On Line";;;;;0
DAY000000080;2025-07-09;CONS001;TAS00008;Campo;;0,75;;;;;Si;"On Line";;;;;0
DAY000000081;2025-07-10;CONS001;TAS00024;Campo;;1,00;35,00;;;;Si;;;;;;0
DAY000000082;2025-07-11;CONS001;TAS00021;Campo;;0,50;;;;;Si;"On Line";;;;;0
DAY000000083;2025-07-15;CONS001;TAS00024;Campo;;1,00;35,00;;;;Si;;;;;;0
DAY000000084;2025-07-16;CONS001;TAS00021;Campo;;1,00;;;;;Si;;;;;;0
DAY000000085;2025-07-17;CONS001;TAS00029;Promo;;0,50;;;;;Si;IWT;;;;;0
DAY000000086;2025-07-18;CONS001;TAS00009;Campo;No;0,50;0,00;16,80;0,00;0,00;Si;;;;"2025-10-01 21:42:21";SYSTEM;0
DAY000000087;2025-07-23;CONS001;TAS00021;Campo;;1,00;;;;;Si;;;;;;0
DAY000000088;2025-07-24;CONS001;TAS00006;Campo;;1,00;250,00;;;;Si;;;;;;0
DAY000000089;2025-07-25;CONS001;TAS00001;Campo;;0,50;;;;;Si;;;;;;0
DAY000000090;2025-01-21;CONS002;TAS00002;Campo;;1,00;;;;;Si;;;;;;0
DAY000000091;2025-01-28;CONS002;TAS00002;Campo;;1,00;;;;;Si;;;;;;0
DAY000000092;2025-02-04;CONS002;TAS00002;Campo;;1,00;;;;;Si;;;;;;0
DAY000000093;2025-02-05;CONS002;TAS00002;Campo;;0,50;;;;;Si;;;;;;0
DAY000000094;2025-02-06;CONS002;TAS00002;Campo;;1,00;;;;;Si;;;;;;0
DAY000000095;2025-02-18;CONS002;TAS00002;Campo;;1,00;;;;;Si;;;;;;0
DAY000000096;2025-02-19;CONS002;TAS00002;Campo;;1,00;;;;;Si;;;;;;0
DAY000000097;2025-02-25;CONS002;TAS00002;Campo;;1,00;;;;;Si;;;;;;0
DAY000000098;2025-02-28;CONS002;TAS00002;Campo;;1,00;;;;;Si;;;;;;0
DAY000000099;2025-03-03;CONS002;TAS00002;Campo;;1,00;;;;;Si;;;;;;0
DAY000000100;2025-03-18;CONS002;TAS00002;Campo;;1,00;;;;;Si;;;;;;0
DAY000000101;2025-03-20;CONS002;TAS00002;Campo;;1,00;;;;;Si;;;;;;0
DAY000000102;2025-05-15;CONS002;TAS00002;Campo;;0,50;;;;;Si;;;;;;0
DAY000000103;2025-05-27;CONS002;TAS00002;Campo;;1,00;;;;;Si;;;;;;0
DAY000000104;2025-06-10;CONS002;TAS00002;Campo;;1,00;;;;;Si;;;;;;0
DAY000000105;2025-06-16;CONS002;TAS00002;Campo;;1,00;;;;;Si;;;;;;0
DAY000000106;2025-07-04;CONS002;TAS00002;Campo;;1,00;;;;;Si;;;;;;0
DAY000000107;2025-07-07;CONS002;TAS00002;Campo;;1,00;;;;;Si;;;;;;0
DAY000000108;2025-07-25;CONS002;TAS00002;Campo;;0,50;;;;;Si;;;;;;0
DAY000000109;2025-01-09;CONS003;TAS00029;Promo;;0,50;;;;;Si;"ITALPIZZA - MODENA Pres. Hoshin";;;;;0
DAY000000110;2025-01-13;CONS003;TAS00005;Campo;;0,50;50,00;;;;Si;;;;;;0
DAY000000111;2025-01-24;CONS003;TAS00020;Campo;;1,00;;;;;Si;;;;;;0
DAY000000112;2025-01-30;CONS003;TAS00029;Promo;;0,50;;;;;Si;"LAVAZZA Assessment Manutenzione";;;;;0
DAY000000113;2025-02-12;CONS003;TAS00027;Campo;;1,50;;;;;Si;;;;;;0
DAY000000114;2025-02-18;CONS003;TAS00020;Campo;;1,00;;;;;Si;;;;;;0
DAY000000115;2025-03-26;CONS003;TAS00020;Campo;;1,00;;;;;Si;;;;;;0
DAY000000116;2025-05-27;CONS003;TAS00020;Campo;;1,00;;;;;Si;;;;;;0
DAY000000117;2025-05-28;CONS003;TAS00023;Campo;;1,00;;;;;Si;"Recupero Giorgio";;;;;0
DAY000000118;2025-06-14;CONS003;TAS00023;Campo;;0,50;;;;;Si;;;;;;0
DAY000000119;2025-06-18;CONS003;TAS00012;Campo;No;0,50;170,00;0,00;0,00;0,00;Si;;;;"2025-09-09 11:03:41";SYSTEM;0
DAY000000120;2025-07-02;CONS003;TAS00016;Campo;;0,50;;;;;Si;;;;;;0
DAY000000121;2025-07-09;CONS003;TAS00012;Campo;No;1,00;170,00;88,50;0,00;88,50;Si;"88.5€ Fattura V&P albergo";;;"2025-09-11 09:59:20";SYSTEM;0
DAY000000122;2025-07-10;CONS003;TAS00024;Campo;;1,00;35,00;;;;Si;;;;;;0
DAY000000123;2025-07-11;CONS003;TAS00012;Campo;No;1,00;170,00;100,50;0,00;100,50;Si;"100,5€ Fattura albergo V&P";;;"2025-09-11 10:00:00";SYSTEM;0
DAY000000124;2025-07-14;CONS003;TAS00028;Campo;Si;1,00;0,00;0,00;0,00;0,00;Si;;;;"2025-09-11 13:19:04";SYSTEM;0
DAY000000125;2025-07-15;CONS003;TAS00024;Campo;;1,00;35,00;;;;Si;;;;;;0
DAY000000126;2025-07-16;CONS003;TAS00028;Campo;;1,00;;;;;Si;;;;;;0
DAY000000127;2025-07-17;CONS003;TAS00028;Campo;;1,00;;;;;Si;;;;;;0
DAY000000128;2025-07-18;CONS003;TAS00028;Campo;No;1,00;250,00;0,00;40,00;40,00;Si;"40€ Fattura parcheggio V&P";;;"2025-09-11 10:09:58";SYSTEM;0
DAY000000129;2025-07-21;CONS003;TAS00028;Campo;Si;1,00;0,00;0,00;0,00;0,00;Si;;;;"2025-09-11 13:19:24";SYSTEM;0
DAY000000130;2025-07-22;CONS003;TAS00028;Campo;Si;1,00;0,00;0,00;0,00;0,00;Si;;;;"2025-09-11 13:19:35";SYSTEM;0
DAY000000131;2025-07-23;CONS003;TAS00028;Campo;Si;1,00;0,00;0,00;0,00;0,00;Si;;;;"2025-09-11 13:19:45";SYSTEM;0
DAY000000132;2025-07-25;CONS003;TAS00012;Campo;Si;1,00;0,00;0,00;0,00;0,00;Si;;;;"2025-09-11 13:22:15";SYSTEM;0
DAY000000133;2025-07-28;CONS003;TAS00012;Campo;;0,50;;;;;Si;;;;;;0
DAY000000134;2025-07-29;CONS003;TAS00028;Campo;Si;1,00;0,00;0,00;0,00;0,00;Si;;;;"2025-09-11 13:19:54";SYSTEM;0
DAY000000135;2025-01-21;CONS004;TAS00002;Campo;;1,00;;;;;Si;;;;;;0
DAY000000136;2025-02-06;CONS004;TAS00002;Campo;;1,00;;;;;Si;;;;;;0
DAY000000137;2025-02-14;CONS004;TAS00002;Campo;;1,00;;;;;Si;;;;;;0
DAY000000138;2025-02-25;CONS004;TAS00002;Campo;;1,00;;;;;Si;;;;;;0
DAY000000139;2025-03-03;CONS004;TAS00002;Campo;;1,00;;;;;Si;;;;;;0
DAY000000140;2025-03-18;CONS004;TAS00002;Campo;;1,00;;;;;Si;;;;;;0
DAY000000141;2025-03-20;CONS004;TAS00022;Campo;;1,00;;;;;Si;;;;;;0
DAY000000142;2025-03-21;CONS004;TAS00022;Campo;;1,00;;;;;Si;;;;;;0
DAY000000143;2025-03-25;CONS004;TAS00022;Campo;;1,00;;;;;Si;;;;;;0
DAY000000144;2025-03-26;CONS004;TAS00022;Campo;;1,00;;;;;Si;;;;;;0
DAY000000145;2025-04-02;CONS004;TAS00022;Campo;;1,00;;;;;Si;;;;;;0
DAY000000146;2025-04-03;CONS004;TAS00022;Campo;;1,00;;;;;Si;;;;;;0
DAY000000147;2025-04-15;CONS004;TAS00002;Campo;;1,00;;;;;Si;;;;;;0
DAY000000148;2025-05-13;CONS004;TAS00002;Campo;;1,00;;;;;Si;;;;;;0
DAY000000149;2025-06-10;CONS004;TAS00002;Campo;;1,00;;;;;Si;;;;;;0
DAY000000150;2025-08-04;CONS003;TAS00013;Campo;No;1,00;85,00;20,00;0,00;0,00;Si;"20 € cena, pagata da me";;;"2025-09-11 10:23:56";SYSTEM;0
DAY000000151;2025-08-05;CONS003;TAS00013;Campo;No;1,00;85,00;206,00;0,00;176,00;Si;"176€ Fattura ALbergo V&P
30€ cena (pagata da me)";;;"2025-09-11 10:24:15";SYSTEM;0
GIO20250825180329312;2025-09-03;CONS003;TAS00014;Campo;No;1,00;170,00;116,00;0,00;116,00;Si;"116€ Fattura Albergo V&P";;CONS003;"2025-11-06 15:35:22";CONS001;0
GIO20250826091014665;2025-08-28;CONS001;TAS00007;Campo;No;1,00;250,00;47,00;0,00;0,00;Si;;;CONS001;"2025-09-23 23:48:00";SYSTEM;0
GIO20250826171344933;2025-09-09;CONS001;TAS00010;Campo;No;1,00;0,00;0,00;0,00;0,00;Si;;;CONS001;"2025-11-06 15:35:23";CONS001;0
GIO20250826175035269;2025-09-10;CONS001;TAS00010;Campo;No;1,00;0,00;0,00;0,00;0,00;Si;;;CONS001;"2025-11-06 15:35:22";CONS001;0
GIO20250827161725464;2025-08-29;CONS001;TAS00025;Promo;No;0,50;0,00;0,00;0,00;0,00;Si;;;CONS001;"2025-09-19 20:05:57";SYSTEM;0
GIO20250902125943873;2025-09-01;CONS003;TAS00030;Sviluppo;No;1,00;0,00;0,00;0,00;0,00;Si;;;SYSTEM;"2025-11-06 15:35:23";CONS001;0
GIO20250902130123508;2025-08-04;CONS005;TAS00018;Formazione;No;1,00;0,00;47,00;0,00;0,00;Si;;;SYSTEM;"2025-09-23 23:45:09";SYSTEM;0
GIO20250902130156681;2025-08-05;CONS005;TAS00018;Promo;No;1,00;0,00;0,00;0,00;0,00;Si;;;SYSTEM;"2025-09-18 19:05:08";SYSTEM;0
GIO20250904181937767;2025-09-25;CONS001;TAS00010;Campo;No;1,00;0,00;0,00;0,00;0,00;Si;;;CONS001;"2025-11-06 15:35:22";CONS001;0
GIO20250904183954574;2025-09-04;CONS001;TAS00032;Promo;No;1,00;0,00;0,00;0,00;0,00;Si;;;CONS001;"2025-11-06 15:35:22";CONS001;0
GIO20250904184122180;2025-09-11;CONS001;TAS00032;Campo;No;0,50;0,00;0,00;0,00;0,00;Si;;;CONS001;"2025-11-06 15:35:23";CONS001;0
GIO20250904184252361;2025-09-11;CONS001;TAS00008;Campo;Si;0,50;0,00;0,00;0,00;0,00;Si;;;CONS001;"2025-11-06 15:35:23";CONS001;0
GIO20250904184434925;2025-09-18;CONS001;TAS00016;Campo;No;1,00;55,00;0,00;0,00;0,00;Si;;;CONS001;"2025-11-06 15:35:22";CONS001;0
GIO20250904184451872;2025-09-19;CONS001;TAS00016;Campo;No;1,00;55,00;0,00;0,00;0,00;Si;;;CONS001;"2025-11-06 15:35:22";CONS001;0
GIO20250904184508856;2025-09-23;CONS001;TAS00016;Campo;No;1,00;55,00;0,00;0,00;0,00;Si;;;CONS001;"2025-11-06 15:35:22";CONS001;0
GIO20250904184520691;2025-09-24;CONS001;TAS00016;Campo;No;1,00;55,00;0,00;0,00;0,00;Si;"Inserito coordinamento di 1 gg Troni";;CONS001;"2025-11-06 15:35:22";CONS001;0
GIO20250904184637971;2025-09-26;CONS001;TAS00010;Campo;No;1,00;0,00;0,00;0,00;0,00;Si;;;CONS001;"2025-11-06 15:35:22";CONS001;0
GIO20250907115429612;2025-09-07;CONS003;TAS00030;Sviluppo;No;1,00;0,00;0,00;0,00;0,00;Si;;;SYSTEM;"2025-11-06 15:35:22";CONS001;0
GIO20250911163919670;2025-09-11;CONS003;TAS00030;Sviluppo;No;1,00;0,00;0,00;0,00;0,00;Si;;"2025-09-11 16:39:19";CONS003;"2025-11-06 15:35:22";CONS001;1
GIO20250911215611163;2025-09-12;CONS001;TAS00035;Campo;No;1,00;70,00;0,00;0,00;0,00;Si;;"2025-09-11 21:56:11";CONS001;"2025-11-06 15:35:22";CONS001;0
GIO20250911215651444;2025-09-16;CONS001;TAS00035;Campo;No;1,00;70,00;0,00;0,00;0,00;Si;;"2025-09-11 21:56:51";CONS001;"2025-11-06 15:35:23";CONS001;0
GIO20250911215943162;2025-09-17;CONS001;TAS00049;Campo;No;1,00;70,00;0,00;0,00;0,00;Si;;"2025-09-11 21:59:43";CONS001;"2025-11-06 15:35:23";CONS001;0
GIO20250911223055520;2025-09-05;CONS001;TAS00021;Promo;Si;0,50;0,00;0,00;0,00;0,00;Si;;"2025-09-11 22:30:55";CONS001;"2025-11-06 15:35:22";CONS001;0
GIO20250911223154680;2025-09-08;CONS001;TAS00009;Promo;Si;0,50;0,00;0,00;0,00;0,00;Si;;"2025-09-11 22:31:54";CONS001;"2025-11-06 15:35:22";CONS001;0
GIO20250912102046675;2025-10-01;CONS002;TAS00037;Campo;No;1,00;0,00;0,00;0,00;0,00;Si;"Lean Car Game";"2025-09-12 10:20:46";CONS002;"2026-03-21 10:06:52";CONS003;0
GIO20250912102108504;2025-10-02;CONS002;TAS00037;Campo;No;1,00;0,00;0,00;0,00;0,00;Si;"Lean Car Game";"2025-09-12 10:21:08";CONS002;"2026-03-21 10:06:51";CONS003;0
GIO20250916133532616;2025-09-12;CONS004;TAS00035;Campo;No;1,00;0,00;0,00;0,00;0,00;Si;;"2025-09-16 13:35:32";CONS004;"2025-11-06 15:35:22";CONS001;0
GIO20250916133600213;2025-09-16;CONS004;TAS00035;Campo;No;1,00;0,00;0,00;0,00;0,00;Si;;"2025-09-16 13:36:00";CONS004;"2025-11-06 15:35:22";CONS001;0
GIO20250916185436104;2025-09-22;CONS001;TAS00021;Promo;Si;0,50;0,00;0,00;0,00;0,00;Si;;"2025-09-16 18:54:36";SYSTEM;"2025-11-06 15:35:22";CONS001;0
GIO20250916185610193;2025-09-22;CONS001;TAS00008;Campo;Si;0,25;0,00;0,00;0,00;0,00;Si;;"2025-09-16 18:56:10";SYSTEM;"2025-11-06 15:35:22";CONS001;0
GIO20250916185904126;2025-10-01;CONS001;TAS00011;Campo;Si;1,00;0,00;0,00;0,00;0,00;Si;;"2025-09-16 18:59:04";SYSTEM;"2026-03-21 10:06:52";CONS003;0
GIO20250916185931498;2025-10-02;CONS001;TAS00032;Campo;No;0,50;0,00;0,00;0,00;0,00;Si;;"2025-09-16 18:59:31";SYSTEM;"2026-03-21 10:06:52";CONS003;0
GIO20250916190016627;2025-10-07;CONS001;TAS00010;Campo;No;1,00;0,00;0,00;0,00;0,00;Si;;"2025-09-16 19:00:16";SYSTEM;"2026-03-21 10:06:51";CONS003;0
GIO20250916190050172;2025-10-08;CONS001;TAS00010;Campo;No;1,00;0,00;0,00;0,00;0,00;Si;;"2025-09-16 19:00:50";SYSTEM;"2026-03-21 10:06:51";CONS003;0
GIO20250916190144142;2025-10-09;CONS001;TAS00011;Campo;Si;1,00;0,00;0,00;0,00;0,00;Si;;"2025-09-16 19:01:44";SYSTEM;"2026-03-21 10:06:51";CONS003;0
GIO20250916190201315;2025-11-04;CONS001;TAS00010;Campo;No;1,00;0,00;0,00;0,00;0,00;Si;;"2025-09-16 19:02:01";SYSTEM;"2026-03-21 10:07:21";CONS003;0
GIO20250916190215677;2025-11-05;CONS001;TAS00010;Campo;No;1,00;0,00;0,00;0,00;0,00;Si;;"2025-09-16 19:02:15";SYSTEM;"2026-03-21 10:07:21";CONS003;0
GIO20250918190856425;2025-10-06;CONS001;TAS00016;Campo;No;0,50;55,00;0,00;0,00;0,00;Si;;"2025-09-18 19:08:56";SYSTEM;"2026-03-21 10:06:52";CONS003;0
GIO20250918190933629;2025-10-04;CONS001;TAS00016;Campo;Si;1,00;0,00;0,00;0,00;0,00;Si;;"2025-09-18 19:09:33";SYSTEM;"2026-03-21 10:06:51";CONS003;0
GIO20250918190956232;2025-10-05;CONS001;TAS00016;Campo;Si;0,50;0,00;0,00;0,00;0,00;Si;;"2025-09-18 19:09:56";SYSTEM;"2026-03-21 10:06:52";CONS003;0
GIO20250919200900994;2025-10-10;CONS001;TAS00049;Campo;No;1,00;70,00;0,00;0,00;0,00;Si;;"2025-09-19 20:09:00";SYSTEM;"2026-03-21 10:06:51";CONS003;0
GIO20250926205955683;2025-09-03;CONS001;TAS00027;Campo;No;0,50;0,00;0,00;0,00;0,00;Si;;"2025-09-26 20:59:55";CONS001;"2025-11-06 15:35:23";CONS001;0
GIO20251002135934578;2025-10-03;CONS001;TAS00011;Campo;Si;1,00;0,00;0,00;0,00;0,00;Si;;"2025-10-02 13:59:34";SYSTEM;"2026-03-21 10:06:51";CONS003;0
GIO20251002140120280;2025-10-14;CONS001;TAS00011;Campo;Si;1,00;0,00;0,00;0,00;0,00;Si;;"2025-10-02 14:01:20";SYSTEM;"2026-03-21 10:06:51";CONS003;0
GIO20251002140144379;2025-10-21;CONS001;TAS00011;Campo;Si;1,00;0,00;0,00;0,00;0,00;Si;;"2025-10-02 14:01:44";SYSTEM;"2026-03-21 10:06:51";CONS003;0
GIO20251002140233547;2025-10-30;CONS001;TAS00032;Campo;No;0,50;0,00;0,00;0,00;0,00;Si;;"2025-10-02 14:02:33";SYSTEM;"2026-03-21 10:06:51";CONS003;0
GIO20251009101636601;2025-10-17;CONS001;TAS00011;Campo;Si;1,00;0,00;0,00;0,00;0,00;Si;;"2025-10-09 10:16:36";CONS001;"2026-03-21 10:06:51";CONS003;0
GIO20251009101710737;2025-10-23;CONS001;TAS00011;Campo;Si;1,00;0,00;0,00;0,00;0,00;Si;;"2025-10-09 10:17:10";CONS001;"2026-03-21 10:06:51";CONS003;0
GIO20251009212043798;2025-10-24;CONS001;TAS00042;Campo;No;0,50;0,00;0,00;0,00;0,00;Si;"INCONTRO CON DIREZIONE E TRONI A CORTE";"2025-10-09 21:20:43";SYSTEM;"2026-03-21 10:06:51";CONS003;0
GIO20251012101008204;2025-10-01;CONS009;TAS00037;Campo;No;1,00;0,00;0,00;0,00;0,00;Si;;"2025-10-12 10:10:08";SYSTEM;"2026-03-21 10:06:51";CONS003;0
GIO20251012102032237;2025-10-02;CONS009;TAS00037;Campo;No;1,00;175,00;0,00;0,00;0,00;Si;;"2025-10-12 10:20:32";SYSTEM;"2026-03-21 10:06:52";CONS003;0
GIO20251012110330879;2025-10-09;CONS004;TAS00036;Campo;No;1,00;0,00;0,00;0,00;0,00;Si;;"2025-10-12 11:03:30";SYSTEM;"2026-03-21 10:06:51";CONS003;0
GIO20251012110351534;2025-10-17;CONS004;TAS00036;Campo;No;1,00;0,00;0,00;0,00;0,00;Si;;"2025-10-12 11:03:51";SYSTEM;"2026-03-21 10:06:51";CONS003;0
GIO20251012110407225;2025-10-28;CONS004;TAS00036;Campo;No;1,00;0,00;0,00;0,00;0,00;Si;;"2025-10-12 11:04:07";SYSTEM;"2026-03-21 10:06:51";CONS003;0
GIO20251012110432394;2025-11-03;CONS004;TAS00036;Campo;No;1,00;0,00;0,00;0,00;0,00;Si;;"2025-10-12 11:04:32";SYSTEM;"2026-03-21 10:07:21";CONS003;0
GIO20251017173057459;2025-10-20;CONS001;TAS00001;Campo;No;0,50;0,00;0,00;0,00;0,00;Si;;"2025-10-17 17:30:57";SYSTEM;"2026-03-21 10:06:51";CONS003;0
GIO20251017173340636;2025-10-28;CONS001;TAS00049;Campo;No;1,00;0,00;70,00;0,00;0,00;Si;;"2025-10-17 17:33:40";SYSTEM;"2026-03-21 10:06:51";CONS003;0
GIO20251017174943979;2025-10-31;CONS004;TAS00039;Campo;No;1,00;0,00;0,00;0,00;0,00;Si;;"2025-10-17 17:49:43";SYSTEM;"2026-03-21 10:06:51";CONS003;0
GIO20251017175022965;2025-11-11;CONS004;TAS00039;Campo;No;1,00;0,00;0,00;0,00;0,00;Si;;"2025-10-17 17:50:22";SYSTEM;"2026-03-21 10:07:21";CONS003;0
GIO20251024184748384;2025-10-31;CONS001;TAS00042;Campo;No;1,00;0,00;0,00;0,00;0,00;Si;;"2025-10-24 18:47:48";SYSTEM;"2026-03-21 10:06:51";CONS003;0
GIO20251027121337878;2025-11-12;CONS002;TAS00040;Campo;No;1,00;0,00;0,00;0,00;0,00;Si;"Prima Lezione, Primo Gruppo Ricotta + Vallelata e Manutenziome";"2025-10-27 12:13:37";CONS002;"2026-03-21 10:07:21";CONS003;0
GIO20251030083521528;2025-10-29;CONS003;TAS00043;Campo;No;1,00;170,00;0,00;0,00;0,00;Si;"Sviluppo Organizzazione produzione: Referenti Tencici di area
Fatta mezza giornata da caricare una";"2025-10-30 08:35:21";CONS003;"2026-03-21 10:06:51";CONS003;0
GIO20251030084320131;2025-10-24;CONS003;TAS00042;Campo;No;0,50;55,00;0,00;0,00;0,00;Si;"INCONTRO CON DIREZIONE E VAGLIO A CORTE";"2025-10-30 08:43:20";CONS003;"2026-03-21 10:06:51";CONS003;0
GIO20251103194312251;2025-11-06;CONS001;TAS00042;Campo;No;1,00;0,00;0,00;0,00;0,00;Si;;"2025-11-03 19:43:12";CONS008;"2026-03-21 10:07:21";CONS003;0
GIO20251106131608266;2025-11-25;CONS001;TAS00049;Campo;No;1,00;70,00;0,00;0,00;0,00;Si;;"2025-11-06 13:16:08";CONS001;"2026-03-21 10:07:21";CONS003;0
GIO20251109203012775;2025-11-11;CONS001;TAS00008;Campo;No;0,75;0,00;0,00;0,00;0,00;Si;;"2025-11-09 20:30:12";CONS008;"2026-03-21 10:07:22";CONS003;0
GIO20251109203131783;2025-11-14;CONS001;TAS00011;Campo;No;1,00;0,00;0,00;0,00;0,00;Si;;"2025-11-09 20:31:31";CONS008;"2026-03-21 10:07:21";CONS003;0
GIO20251109203206773;2025-11-17;CONS001;TAS00032;Promo;No;1,00;0,00;0,00;0,00;0,00;Si;;"2025-11-09 20:32:06";CONS008;"2026-03-21 10:07:21";CONS003;0
GIO20251109203302360;2025-11-18;CONS001;TAS00021;Promo;Si;1,00;0,00;0,00;0,00;0,00;Si;"posizione provvisoria";"2025-11-09 20:33:02";CONS008;"2026-03-21 10:07:21";CONS003;0
GIO20251109203402419;2025-11-24;CONS001;TAS00011;Campo;No;0,50;0,00;0,00;0,00;0,00;Si;"fattura 2026";"2025-11-09 20:34:02";CONS008;"2026-03-21 10:07:21";CONS003;0
GIO20251109203434438;2025-11-28;CONS001;TAS00032;Campo;No;0,50;0,00;0,00;0,00;0,00;Si;;"2025-11-09 20:34:34";CONS008;"2026-03-21 10:07:21";CONS003;0
GIO20251109203457464;2025-12-02;CONS001;TAS00011;Campo;Si;1,00;0,00;0,00;0,00;0,00;Si;;"2025-11-09 20:34:57";CONS008;"2026-03-21 10:07:10";CONS003;0
GIO20251109204516634;2025-11-13;CONS001;TAS00052;Campo;No;0,50;0,00;0,00;0,00;0,00;Si;;"2025-11-09 20:45:16";CONS008;"2026-03-21 10:07:21";CONS003;0
GIO20251112190749770;2025-11-12;CONS003;TAS00042;Campo;No;0,50;0,00;0,00;0,00;0,00;Si;"Incontro sulla manutenzione con Vaglio";"2025-11-12 19:07:49";CONS003;"2026-03-21 10:07:22";CONS003;0
GIO20251113125231612;2025-11-20;CONS004;TAS00038;Campo;No;1,00;0,00;0,00;0,00;0,00;Si;;"2025-11-13 12:52:31";CONS008;"2026-03-21 10:07:21";CONS003;0
GIO20251113125347822;2025-11-27;CONS004;TAS00038;Campo;No;1,00;0,00;0,00;0,00;0,00;Si;;"2025-11-13 12:53:47";CONS008;"2026-03-21 10:07:21";CONS003;0
GIO20251113125419687;2025-12-03;CONS004;TAS00038;Campo;No;1,00;0,00;0,00;0,00;0,00;Si;;"2025-11-13 12:54:19";CONS008;"2026-03-21 10:07:10";CONS003;0
GIO20251113125609130;2025-11-10;CONS004;TAS00048;Campo;No;1,00;0,00;0,00;0,00;0,00;Si;;"2025-11-13 12:56:09";CONS008;"2026-03-21 10:07:21";CONS003;0
GIO20251113125656635;2025-11-21;CONS004;TAS00048;Campo;No;1,00;0,00;0,00;0,00;0,00;Si;;"2025-11-13 12:56:56";CONS008;"2026-03-21 10:07:21";CONS003;0
GIO20251113125836233;2025-11-12;CONS004;TAS00048;Campo;No;1,00;0,00;0,00;0,00;0,00;Si;;"2025-11-13 12:58:36";CONS008;"2026-03-21 10:07:21";CONS003;0
GIO20251113125917543;2025-11-28;CONS004;TAS00048;Campo;No;1,00;0,00;0,00;0,00;0,00;Si;;"2025-11-13 12:59:17";CONS008;"2026-03-21 10:07:21";CONS003;0
GIO20251113153304705;2025-11-20;CONS001;TAS00052;Campo;No;1,00;0,00;0,00;0,00;0,00;Si;;"2025-11-13 15:33:04";CONS001;"2026-03-21 10:07:21";CONS003;0
GIO20251113173647788;2025-11-21;CONS001;TAS00052;Campo;No;1,00;0,00;0,00;0,00;0,00;Si;;"2025-11-13 17:36:47";CONS008;"2026-03-21 10:07:21";CONS003;0
GIO20251113173702195;2025-11-26;CONS001;TAS00052;Campo;No;1,00;0,00;0,00;0,00;0,00;Si;;"2025-11-13 17:37:02";CONS008;"2026-03-21 10:07:21";CONS003;0
GIO20251124165745892;2025-11-19;CONS002;TAS00041;Campo;No;1,00;0,00;0,00;0,00;0,00;Si;"Affiancamento ai CT Tedeschi, Massaggia,Borra e Pedrazzini";"2025-11-24 16:57:45";CONS002;"2026-03-21 10:07:21";CONS003;0
GIO20251124165757698;2025-11-25;CONS002;TAS00041;Campo;No;0,75;0,00;0,00;0,00;0,00;Si;"Affiancamento ai CT Lacalandra, Moro, Gravanati";"2025-11-24 16:57:57";CONS002;"2026-03-21 10:07:22";CONS003;0
GIO20251124192811246;2025-11-12;CONS001;TAS00042;Campo;No;0,50;0,00;0,00;0,00;0,00;Si;;"2025-11-24 19:28:11";CONS008;"2026-03-21 10:07:21";CONS003;0
GIO20251124193324269;2025-12-11;CONS001;TAS00054;Campo;No;1,00;0,00;0,00;0,00;0,00;Si;;"2025-11-24 19:33:24";CONS008;"2026-03-21 10:07:10";CONS003;0
GIO20251124193348944;2025-12-12;CONS001;TAS00054;Campo;No;1,00;0,00;0,00;0,00;0,00;Si;;"2025-11-24 19:33:48";CONS008;"2026-03-21 10:07:10";CONS003;0
GIO20251201202605846;2025-11-12;CONS005;TAS00040;Campo;No;1,00;200,00;64,50;0,00;0,00;Si;"1 giornata di formazione CT - 1° gruppo
";"2025-12-01 20:26:05";CONS005;"2026-03-21 10:07:22";CONS003;0
GIO20251201203119540;2025-11-26;CONS005;TAS00040;Campo;No;1,00;200,00;61,50;0,00;0,00;Si;"1 giornata di formazione CT - 2° gruppo";"2025-12-01 20:31:19";CONS005;"2026-03-21 10:07:22";CONS003;0
GIO20251201213007759;2025-11-27;CONS005;TAS00041;Campo;No;1,00;0,00;0,00;0,00;0,00;Si;;"2025-12-01 21:30:07";CONS005;"2026-03-21 10:07:22";CONS003;0
GIO20251201213319831;2025-12-01;CONS005;TAS00041;Campo;No;1,00;200,00;84,00;0,00;84,00;Si;"Baccalini
Giansanti
Boselli
Corolli";"2025-12-01 21:33:19";CONS005;"2026-03-21 10:07:10";CONS003;0
GIO20251201213713195;2025-12-02;CONS005;TAS00041;Campo;No;1,00;0,00;0,00;0,00;0,00;Si;"Moro
Dellavalle
Gambini
Geroli";"2025-12-01 21:37:13";CONS005;"2026-03-21 10:07:10";CONS003;0
GIO20251205141849377;2025-12-03;CONS001;TAS00052;Campo;Si;1,00;0,00;0,00;0,00;0,00;Si;;"2025-12-05 14:18:49";CONS008;"2026-03-21 10:07:10";CONS003;0
GIO20251205141906653;2025-12-01;CONS001;TAS00052;Campo;Si;0,50;0,00;0,00;0,00;0,00;Si;;"2025-12-05 14:19:06";CONS008;"2026-03-21 10:07:10";CONS003;0
GIO20251205141936184;2025-12-04;CONS001;TAS00052;Campo;No;0,50;0,00;0,00;0,00;0,00;Si;;"2025-12-05 14:19:36";CONS008;"2026-03-21 10:07:10";CONS003;0
GIO20251205142738542;2025-12-18;CONS001;TAS00032;Campo;No;0,50;0,00;0,00;0,00;0,00;Si;;"2025-12-05 14:27:38";CONS008;"2026-03-21 10:07:10";CONS003;0
GIO20251208120530686;2025-12-01;CONS003;TAS00055;Campo;Si;1,00;0,00;0,00;0,00;0,00;Si;"Sviluppo del Game";"2025-12-08 12:05:30";CONS003;"2026-03-21 10:07:10";CONS003;0
GIO20251208120618363;2025-12-02;CONS003;TAS00055;Campo;Si;1,00;0,00;0,00;0,00;0,00;Si;"Sviluppo del Game";"2025-12-08 12:06:18";CONS003;"2026-03-21 10:07:10";CONS003;0
GIO20251212184814265;2025-12-13;CONS001;TAS00054;Campo;Si;1,00;0,00;0,00;0,00;0,00;Si;;"2025-12-12 18:48:14";CONS008;"2026-03-21 10:07:11";CONS003;0
GIO20251212184839952;2025-12-17;CONS001;TAS00054;Campo;No;0,50;0,00;0,00;0,00;0,00;Si;;"2025-12-12 18:48:39";CONS008;"2026-03-21 10:07:11";CONS003;0
GIO20251212185355501;2025-12-16;CONS001;TAS00056;Campo;No;0,50;0,00;0,00;0,00;0,00;Si;;"2025-12-12 18:53:55";CONS008;"2026-03-21 10:07:11";CONS003;0
GIO20251215183024965;2025-12-11;CONS002;TAS00041;Campo;No;1,00;0,00;0,00;0,00;0,00;Si;;"2025-12-15 18:30:24";CONS002;"2026-03-21 10:07:10";CONS003;0
GIO20251215183057113;2025-12-03;CONS002;TAS00041;Campo;No;1,00;0,00;0,00;0,00;0,00;Si;;"2025-12-15 18:30:57";CONS002;"2026-03-21 10:07:10";CONS003;0
GIO20251222113225580;2026-01-15;CONS004;TAS00048;Campo;No;1,00;0,00;0,00;0,00;0,00;No;;"2025-12-22 11:32:25";CONS008;"2025-12-22 11:32:25";;0
GIO20251222113304832;2026-01-16;CONS004;TAS00048;Campo;No;1,00;0,00;0,00;0,00;0,00;No;;"2025-12-22 11:33:04";CONS008;"2025-12-22 11:33:04";;0
GIO20251222113326807;2026-01-23;CONS004;TAS00048;Campo;No;1,00;0,00;0,00;0,00;0,00;No;;"2025-12-22 11:33:26";CONS008;"2025-12-22 11:33:26";;0
GIO20251222113347935;2026-01-29;CONS004;TAS00064;Campo;No;1,00;0,00;0,00;0,00;0,00;Si;;"2025-12-22 11:33:47";CONS008;"2026-02-02 17:27:53";CONS001;0
GIO20251222113622920;2026-01-08;CONS004;TAS00038;Campo;No;1,00;0,00;0,00;0,00;0,00;No;;"2025-12-22 11:36:22";CONS008;"2025-12-22 11:36:22";;0
GIO20260108145607723;2026-01-12;CONS004;TAS00038;Campo;No;1,00;0,00;0,00;0,00;0,00;No;;"2026-01-08 14:56:07";CONS008;"2026-01-08 14:56:07";;0
GIO20260108145625172;2026-01-22;CONS004;TAS00038;Campo;No;1,00;0,00;0,00;0,00;0,00;No;;"2026-01-08 14:56:25";CONS008;"2026-01-08 14:56:25";;0
GIO20260109174309279;2026-01-09;CONS001;TAS00056;Campo;No;1,00;0,00;0,00;0,00;0,00;No;;"2026-01-09 17:43:09";CONS008;"2026-01-09 17:43:09";;0
GIO20260109174410896;2026-01-13;CONS001;TAS00040;Promo;No;0,50;0,00;0,00;0,00;0,00;No;;"2026-01-09 17:44:10";CONS008;"2026-01-09 17:44:10";;0
GIO20260109174626636;2026-01-19;CONS001;TAS00054;Campo;No;0,50;0,00;0,00;0,00;0,00;No;;"2026-01-09 17:46:26";CONS008;"2026-01-09 17:46:26";;0
GIO20260109174654196;2026-01-20;CONS001;TAS00056;Campo;No;1,00;0,00;0,00;0,00;0,00;No;;"2026-01-09 17:46:54";CONS008;"2026-01-09 17:46:54";;0
GIO20260109174707430;2026-01-21;CONS001;TAS00056;Campo;No;1,00;0,00;0,00;0,00;0,00;No;;"2026-01-09 17:47:07";CONS008;"2026-01-09 17:47:07";;0
GIO20260115221146960;2026-01-15;CONS005;TAS00041;Campo;No;1,00;200,00;91,00;0,00;0,00;No;"massa, cerri, gambini, casarini";"2026-01-15 22:11:46";CONS005;"2026-01-15 22:20:16";CONS005;0
GIO20260115221835465;2026-01-16;CONS005;TAS00041;Campo;No;1,00;0,00;90,50;0,00;0,00;No;"dellavalle, maserati, casaroli, lupi";"2026-01-15 22:18:35";CONS005;"2026-01-15 22:18:35";;0
GIO20260116090442778;2026-01-09;CONS003;TAS00056;Campo;No;1,00;0,00;90,00;0,00;90,00;No;"Fattura hotel pagata con cc VP";"2026-01-16 09:04:42";CONS003;"2026-02-27 08:37:26";CONS003;0
GIO20260116090518888;2026-01-20;CONS003;TAS00056;Campo;No;1,00;0,00;0,00;0,00;0,00;No;;"2026-01-16 09:05:18";CONS003;"2026-01-16 09:05:18";;0
GIO20260116090530775;2026-01-21;CONS003;TAS00056;Campo;No;1,00;0,00;0,00;0,00;0,00;No;;"2026-01-16 09:05:30";CONS003;"2026-01-16 09:05:30";;0
GIO20260116090611574;2026-01-22;CONS003;TAS00052;Promo;No;1,00;0,00;0,00;0,00;0,00;No;;"2026-01-16 09:06:11";CONS003;"2026-01-16 09:06:11";;0
GIO20260116090902912;2026-03-04;CONS003;TAS00062;Campo;No;1,00;0,00;0,00;0,00;0,00;No;;"2026-01-16 09:09:02";CONS003;"2026-02-27 08:42:59";CONS003;0
GIO20260116090925622;2026-03-05;CONS003;TAS00062;Campo;No;1,00;0,00;0,00;0,00;0,00;No;;"2026-01-16 09:09:25";CONS003;"2026-02-27 08:42:51";CONS003;0
GIO20260116091306129;2026-02-11;CONS003;TAS00029;Promo;No;1,00;0,00;0,00;0,00;0,00;No;"Promo con Francesco Silvestri in SOCADO";"2026-01-16 09:13:06";CONS003;"2026-01-16 09:13:06";;0
GIO20260120192310583;2026-01-20;CONS002;TAS00082;Campo;No;1,00;0,00;0,00;0,00;0,00;No;;"2026-01-20 19:23:10";CONS002;"2026-03-25 20:33:17";CONS002;0
GIO20260123103357864;2026-01-08;CONS001;TAS00057;Promo;Si;0,25;0,00;0,00;0,00;0,00;No;;"2026-01-23 10:33:57";CONS008;"2026-03-24 18:11:15";CONS008;0
GIO20260123103514714;2026-01-13;CONS001;TAS00052;Promo;No;0,50;0,00;0,00;0,00;0,00;No;;"2026-01-23 10:35:14";CONS008;"2026-01-23 10:35:14";;0
GIO20260123103658531;2026-01-22;CONS001;TAS00061;Campo;Si;0,25;0,00;0,00;0,00;0,00;No;;"2026-01-23 10:36:58";CONS008;"2026-02-02 12:00:17";CONS001;0
GIO20260123103724738;2026-01-23;CONS001;TAS00008;Campo;Si;0,75;0,00;0,00;0,00;0,00;No;;"2026-01-23 10:37:24";CONS008;"2026-01-23 10:37:24";;0
GIO20260123104130606;2026-01-27;CONS001;TAS00058;Campo;No;1,00;0,00;0,00;0,00;0,00;No;;"2026-01-23 10:41:30";CONS008;"2026-01-23 10:41:30";;0
GIO20260123104154710;2026-01-29;CONS001;TAS00049;Campo;No;1,00;0,00;0,00;0,00;0,00;No;;"2026-01-23 10:41:54";CONS008;"2026-01-23 10:41:54";;0
GIO20260123104213305;2026-01-30;CONS001;TAS00032;Campo;No;0,50;0,00;0,00;0,00;0,00;No;;"2026-01-23 10:42:13";CONS008;"2026-01-23 10:42:13";;0
GIO20260130184214293;2026-02-03;CONS001;TAS00058;Campo;No;1,00;0,00;0,00;0,00;0,00;No;;"2026-01-30 18:42:14";CONS008;"2026-01-30 18:42:14";;0
GIO20260130184240811;2026-02-04;CONS001;TAS00056;Campo;No;0,50;0,00;0,00;0,00;0,00;No;;"2026-01-30 18:42:40";CONS008;"2026-01-30 18:42:40";;0
GIO20260201153546760;2026-01-22;CONS005;TAS00041;Campo;No;1,00;200,00;0,00;0,00;0,00;No;"sfc: Geroli, Baccalini, Moro, Orizio";"2026-02-01 15:35:46";CONS005;"2026-02-01 15:35:46";;0
GIO20260204085844178;2026-02-04;CONS003;TAS00056;Campo;No;0,50;0,00;0,00;0,00;0,00;No;Restituzione;"2026-02-04 08:58:44";CONS003;"2026-02-04 08:58:44";;0
GIO20260205195024524;2026-02-03;CONS005;TAS00041;Campo;No;1,00;200,00;90,00;0,00;0,00;No;"lupi, corolli, boselli, giansanti";"2026-02-05 19:50:24";CONS005;"2026-02-05 19:52:57";CONS005;0
GIO20260205195222550;2026-02-04;CONS005;TAS00041;Campo;No;1,00;0,00;96,00;0,00;0,00;No;"samprisi, casarini
+ colloqui con rossi, biancardi, virtuani";"2026-02-05 19:52:22";CONS005;"2026-03-24 12:48:23";CONS005;0
GIO20260213100100731;2026-02-12;CONS001;TAS00009;Campo;No;0,50;0,00;0,00;0,00;0,00;No;;"2026-02-13 10:01:00";CONS008;"2026-02-13 10:01:00";;0
GIO20260213100320694;2026-02-02;CONS001;TAS00056;Campo;Si;1,00;0,00;0,00;0,00;0,00;No;"PREPARAZIONE RESTITUZIONE CON TRONI";"2026-02-13 10:03:20";CONS008;"2026-02-13 10:03:20";;0
GIO20260213100352198;2026-02-02;CONS003;TAS00056;Campo;Si;1,00;0,00;0,00;0,00;0,00;No;"PREPARAZIONE RESTITUZIONE CON VAGLIO";"2026-02-13 10:03:52";CONS008;"2026-02-13 10:03:52";;0
GIO20260213100455694;2026-02-17;CONS001;TAS00058;Campo;No;0,50;0,00;0,00;0,00;0,00;No;"LAVORO CON CAPIREPARTO";"2026-02-13 10:04:55";CONS008;"2026-02-13 10:05:12";CONS008;0
GIO20260213100543201;2026-02-20;CONS001;TAS00058;Campo;No;0,50;0,00;0,00;0,00;0,00;No;;"2026-02-13 10:05:43";CONS008;"2026-02-13 10:05:52";CONS008;0
GIO20260213100624262;2026-02-20;CONS001;TAS00032;Promo;No;0,50;0,00;0,00;0,00;0,00;No;;"2026-02-13 10:06:24";CONS008;"2026-02-13 10:06:24";;0
GIO20260213100712871;2026-02-23;CONS001;TAS00061;Campo;Si;0,25;0,00;0,00;0,00;0,00;No;;"2026-02-13 10:07:12";CONS008;"2026-02-13 10:07:12";;0
GIO20260213100814534;2026-02-24;CONS001;TAS00049;Campo;No;1,00;0,00;0,00;0,00;0,00;No;;"2026-02-13 10:08:14";CONS008;"2026-02-13 10:08:14";;0
GIO20260216190056919;2026-02-13;CONS004;TAS00066;Campo;No;1,00;0,00;0,00;0,00;0,00;No;;"2026-02-16 19:00:56";CONS008;"2026-02-16 19:00:56";;0
GIO20260216190120538;2026-02-17;CONS004;TAS00066;Campo;No;1,00;0,00;0,00;0,00;0,00;No;;"2026-02-16 19:01:20";CONS008;"2026-02-16 19:01:20";;0
GIO20260216190212118;2026-02-02;CONS004;TAS00063;Campo;No;1,00;0,00;0,00;0,00;0,00;No;;"2026-02-16 19:02:12";CONS008;"2026-02-16 19:02:12";;0
GIO20260216190238238;2026-02-12;CONS004;TAS00063;Campo;No;1,00;0,00;0,00;0,00;0,00;No;;"2026-02-16 19:02:38";CONS008;"2026-02-16 19:02:38";;0
GIO20260216190253995;2026-02-18;CONS004;TAS00063;Campo;No;1,00;0,00;0,00;0,00;0,00;No;;"2026-02-16 19:02:53";CONS008;"2026-02-16 19:02:53";;0
GIO20260216190311649;2026-02-24;CONS004;TAS00063;Campo;No;1,00;0,00;0,00;0,00;0,00;No;;"2026-02-16 19:03:11";CONS008;"2026-02-16 19:03:11";;0
GIO20260218144922156;2026-02-19;CONS005;TAS00041;Campo;No;1,00;200,00;106,00;0,00;0,00;No;"cacciatori, cerri, maserati
+ colloquio con nicolini";"2026-02-18 14:49:22";CONS005;"2026-02-21 17:05:42";CONS005;0
GIO20260218144943173;2026-02-20;CONS005;TAS00082;Campo;No;1,00;0,00;0,00;0,00;0,00;No;;"2026-02-18 14:49:43";CONS005;"2026-03-24 12:49:12";CONS005;0
GIO20260218145138302;2026-02-27;CONS005;TAS00082;Campo;No;1,00;200,00;51,00;0,00;0,00;No;;"2026-02-18 14:51:38";CONS005;"2026-03-24 12:46:35";CONS005;0
GIO20260218145321294;2026-02-11;CONS005;TAS00031;Promo;No;1,00;0,00;0,00;0,00;0,00;No;"SOCADO: assesment per progettazione e quotazione
con Giorgio T";"2026-02-18 14:53:21";CONS005;"2026-02-18 14:54:49";CONS005;0
GIO20260223190029713;2026-02-27;CONS001;TAS00056;Campo;No;1,00;0,00;0,00;0,00;0,00;No;;"2026-02-23 19:00:29";CONS008;"2026-03-24 18:13:41";CONS008;0
GIO20260223190107634;2026-03-04;CONS001;TAS00062;Campo;No;1,00;0,00;0,00;0,00;0,00;No;;"2026-02-23 19:01:07";CONS008;"2026-02-23 19:01:07";;0
GIO20260223190123436;2026-03-05;CONS001;TAS00062;Campo;No;1,00;0,00;0,00;0,00;0,00;No;;"2026-02-23 19:01:23";CONS008;"2026-02-23 19:01:23";;0
GIO20260224112750465;2026-02-26;CONS004;TAS00066;Campo;No;1,00;0,00;0,00;0,00;0,00;No;;"2026-02-24 11:27:50";CONS008;"2026-02-24 11:27:50";;0
GIO20260224112813640;2026-03-09;CONS004;TAS00066;Campo;No;1,00;0,00;0,00;0,00;0,00;No;;"2026-02-24 11:28:13";CONS008;"2026-02-24 11:28:13";;0
GIO20260224112827676;2026-03-20;CONS004;TAS00066;Campo;No;1,00;0,00;0,00;0,00;0,00;No;;"2026-02-24 11:28:27";CONS008;"2026-02-24 11:28:27";;0
GIO20260224112909604;2026-02-19;CONS004;TAS00069;Campo;No;1,00;0,00;0,00;0,00;0,00;No;;"2026-02-24 11:29:09";CONS008;"2026-02-27 18:54:18";CONS008;0
GIO20260224112929247;2026-02-25;CONS004;TAS00069;Campo;No;1,00;0,00;0,00;0,00;0,00;No;;"2026-02-24 11:29:29";CONS008;"2026-02-27 18:54:43";CONS008;0
GIO20260224113034617;2026-03-02;CONS004;TAS00064;Campo;No;1,00;0,00;0,00;0,00;0,00;No;;"2026-02-24 11:30:34";CONS008;"2026-02-24 11:33:37";CONS008;0
GIO20260224113049963;2026-03-12;CONS004;TAS00064;Campo;No;1,00;0,00;0,00;0,00;0,00;No;;"2026-02-24 11:30:49";CONS008;"2026-02-24 11:33:48";CONS008;0
GIO20260224113103792;2026-03-19;CONS004;TAS00064;Campo;No;1,00;0,00;0,00;0,00;0,00;No;;"2026-02-24 11:31:03";CONS008;"2026-02-24 11:34:03";CONS008;0
GIO20260224113116751;2026-03-30;CONS004;TAS00064;Campo;No;1,00;0,00;0,00;0,00;0,00;No;;"2026-02-24 11:31:16";CONS008;"2026-02-24 11:34:16";CONS008;0
GIO20260227083446342;2026-03-12;CONS003;TAS00072;Campo;No;1,00;70,00;90,00;0,00;90,00;No;"allineamento Capi Area e ingaggio per SFC";"2026-02-27 08:34:46";CONS003;"2026-03-24 18:15:52";CONS008;0
GIO20260302143031426;2026-03-19;CONS001;TAS00059;Campo;No;1,00;0,00;0,00;0,00;0,00;No;;"2026-03-02 14:30:31";CONS008;"2026-03-02 14:30:31";;0
GIO20260302143048836;2026-03-20;CONS001;TAS00059;Campo;No;1,00;0,00;0,00;0,00;0,00;No;;"2026-03-02 14:30:48";CONS008;"2026-03-02 14:30:48";;0
GIO20260302215124219;2026-03-03;CONS002;TAS00041;Campo;No;0,50;0,00;0,00;0,00;0,00;No;;"2026-03-02 21:51:24";CONS002;"2026-03-25 20:14:20";CONS002;0
GIO20260304101752232;2026-03-10;CONS002;TAS00041;Campo;No;0,50;0,00;0,00;0,00;0,00;No;;"2026-03-04 10:17:52";CONS002;"2026-03-25 20:32:25";CONS002;0
GIO20260309111336770;2026-03-27;CONS004;TAS00075;Campo;No;1,00;0,00;0,00;0,00;0,00;No;;"2026-03-09 11:13:36";CONS008;"2026-03-27 18:18:40";CONS008;0
GIO20260313092401575;2026-03-11;CONS005;TAS00083;Campo;No;1,00;200,00;0,00;0,00;0,00;No;"Boselli, Dellavalle, Corolli, Baccalini";"2026-03-13 09:24:01";CONS005;"2026-03-24 12:46:02";CONS005;0
GIO20260313092537372;2026-03-12;CONS005;TAS00083;Campo;No;1,00;0,00;165,00;0,00;0,00;No;"Moro, Casaroli, Casarini. Allineam con Friso e Sem";"2026-03-13 09:25:37";CONS005;"2026-03-24 12:45:36";CONS005;0
GIO20260319115137726;2026-03-18;CONS005;TAS00083;Campo;No;1,00;200,00;0,00;0,00;0,00;No;"Cerri, Geroli, Cacciatori, Maserati + Friso";"2026-03-19 11:51:37";CONS005;"2026-03-24 12:45:03";CONS005;0
GIO20260319115231958;2026-04-09;CONS005;TAS00083;Campo;No;1,00;0,00;0,00;0,00;0,00;No;tbd;"2026-03-19 11:52:31";CONS005;"2026-03-24 12:44:31";CONS005;0
GIO20260319115314299;2026-03-25;CONS005;TAS00073;Campo;No;1,00;200,00;90,00;0,00;90,00;No;"spese di vitto e alloggio: pagate e fatturate da Giorgio T insieme alla sua trasferta a Casale del 26-27/3";"2026-03-19 11:53:14";CONS005;"2026-03-28 19:25:49";CONS003;0
GIO20260321094930258;2026-03-17;CONS003;TAS00073;Campo;No;1,00;0,00;0,00;0,00;0,00;No;;"2026-03-21 09:49:30";CONS003;"2026-03-21 09:49:30";;0
GIO20260321094951886;2026-03-18;CONS003;TAS00073;Campo;No;1,00;70,00;180,00;0,00;180,00;No;;"2026-03-21 09:49:51";CONS003;"2026-03-21 10:04:15";CONS003;0
GIO20260321095222107;2026-03-26;CONS003;TAS00085;Campo;No;1,00;0,00;180,00;0,00;180,00;No;;"2026-03-21 09:52:22";CONS003;"2026-03-28 19:24:36";CONS003;0
GIO20260321095236174;2026-03-27;CONS003;TAS00085;Campo;No;1,00;70,00;0,00;0,00;0,00;No;;"2026-03-21 09:52:36";CONS003;"2026-03-28 19:24:04";CONS003;0
GIO20260324174835522;2026-03-27;CONS001;TAS00084;Promo;No;1,00;0,00;0,00;0,00;0,00;No;;"2026-03-24 17:48:35";CONS008;"2026-03-24 17:48:35";;0
GIO20260324174935240;2026-03-31;CONS001;TAS00088;Campo;Si;1,00;0,00;0,00;0,00;0,00;No;;"2026-03-24 17:49:35";CONS008;"2026-03-24 17:49:35";;0
GIO20260324175027159;2026-04-01;CONS001;TAS00008;Campo;No;0,75;0,00;0,00;0,00;0,00;No;;"2026-03-24 17:50:27";CONS008;"2026-03-24 17:50:27";;0
GIO20260324175100116;2026-04-02;CONS001;TAS00061;Campo;Si;0,25;0,00;0,00;0,00;0,00;No;;"2026-03-24 17:51:00";CONS008;"2026-03-24 17:51:00";;0
GIO20260324175141504;2026-04-09;CONS001;TAS00076;Campo;No;1,00;0,00;0,00;0,00;0,00;No;;"2026-03-24 17:51:41";CONS008;"2026-03-24 17:51:41";;0
GIO20260324175205470;2026-04-10;CONS001;TAS00088;Campo;Si;1,00;0,00;0,00;0,00;0,00;No;;"2026-03-24 17:52:05";CONS008;"2026-03-24 17:52:28";CONS008;0
GIO20260325201453354;2026-03-10;CONS002;TAS00083;Campo;No;0,50;0,00;0,00;0,00;0,00;No;;"2026-03-25 20:14:53";CONS002;"2026-03-25 20:15:08";CONS002;0
GIO20260325203212692;2026-03-03;CONS002;TAS00083;Campo;No;0,50;0,00;0,00;0,00;0,00;No;;"2026-03-25 20:32:12";CONS002;"2026-03-27 10:21:25";CONS002;0
GIO20260325211624305;2026-04-08;CONS005;TAS00085;Campo;No;1,00;0,00;0,00;0,00;0,00;No;;"2026-03-25 21:16:24";CONS005;"2026-03-25 21:16:24";;0
GIO20260327180212243;2026-05-04;CONS004;TAS00064;Campo;No;1,00;0,00;0,00;0,00;0,00;No;;"2026-03-27 18:02:12";CONS008;"2026-03-27 18:02:12";;0
GIO20260327180237438;2026-05-15;CONS004;TAS00064;Campo;No;1,00;0,00;0,00;0,00;0,00;No;;"2026-03-27 18:02:37";CONS008;"2026-03-27 18:02:37";;0
GIO20260327180257140;2026-05-22;CONS004;TAS00064;Campo;No;1,00;0,00;0,00;0,00;0,00;No;;"2026-03-27 18:02:57";CONS008;"2026-03-27 18:02:57";;0
GIO20260327180316439;2026-05-27;CONS004;TAS00064;Campo;No;1,00;0,00;0,00;0,00;0,00;No;;"2026-03-27 18:03:16";CONS008;"2026-03-27 18:03:16";;0
GIO20260327180525498;2026-04-02;CONS004;TAS00067;Campo;No;1,00;0,00;0,00;0,00;0,00;No;;"2026-03-27 18:05:25";CONS008;"2026-03-27 18:06:06";CONS008;0
GIO20260327180549146;2026-04-10;CONS004;TAS00067;Campo;No;1,00;0,00;0,00;0,00;0,00;No;;"2026-03-27 18:05:49";CONS008;"2026-03-27 18:05:49";;0
GIO20260327180624491;2026-04-22;CONS004;TAS00067;Campo;No;1,00;0,00;0,00;0,00;0,00;No;;"2026-03-27 18:06:24";CONS008;"2026-03-27 18:06:24";;0
GIO20260328192830672;2026-04-01;CONS003;TAS00085;Campo;No;1,00;70,00;0,00;0,00;0,00;No;;"2026-03-28 19:28:30";CONS003;"2026-03-28 19:28:30";;0
GIO20260328192843853;2026-04-08;CONS003;TAS00085;Campo;No;1,00;70,00;0,00;0,00;0,00;No;;"2026-03-28 19:28:43";CONS003;"2026-03-28 19:28:43";;0
